<?xml version='1.0'?><!DOCTYPE Movies SYSTEM "movies.dtd"><Movies>  <Movie year="1946">    <Title>It's a Wonderful Life</Title>    <Price>14.95</Price>  </Movie>  <Movie year="1974">    <Title>Young Frankenstein</Title>    <Price>16.95</Price>  </Movie>  <Movie year="1977">    <Title>Star Wars</Title>    <Price>17.95</Price>  </Movie>  <Movie year="1987">    <Title>The Princess Bride</Title>    <Price>16.95</Price>  </Movie>  <Movie year="1989">    <Title>Glory</Title>    <Price>14.95</Price>  </Movie>  <Movie year="1997">    <Title>The Game</Title>    <Price>14.95</Price>  </Movie>  <Movie year="1998">    <Title>Shakespeare in Love</Title>    <Price>19.95</Price>  </Movie>  <Movie year="2009">    <Title>Zombieland</Title>    <Price>18.95</Price>  </Movie>  <Movie year="2010">    <Title>The King's Speech</Title>    <Price>17.95</Price>  </Movie>  <Movie year="2013">    <Title>Star Trek Into Darkness</Title>    <Price>19.95</Price>  </Movie></Movies>
